"last_reported","station_id","is_installed","is_returning","is_renting","dock_available","mechanical_available","electric_available"
1657962124,213688169,1,1,1,30,1,3
1657962204,653222953,1,1,1,4,2,23
1657962143,516709288,1,1,1,15,0,4
1657962272,36255,1,1,1,21,0,0
1657962173,37815204,1,1,1,13,12,2
1657962256,100769544,1,1,1,30,14,1
1657962279,85002689,1,1,1,3,41,9
1657962303,123095125,1,1,1,52,5,1
1657961725,120827885,1,1,1,10,1,1
1657962290,251039991,1,1,1,19,2,4
1657962252,37874517,1,1,1,9,9,3
1657962312,66491398,1,1,1,26,15,6
1657962249,210403080,1,1,1,19,1,2
1657962294,210561800,1,1,1,4,9,3
1657962078,209063434,1,1,1,23,3,3
1657962319,94555589,1,1,1,10,6,11
1657962249,244498842,1,1,1,13,17,15
1657962322,43195240,1,1,1,12,11,2
1657962041,210405211,1,1,1,13,4,2
1657962185,501862076,1,1,1,13,0,8
1657962280,54000559,1,1,1,36,1,0
1657943460,207633746,1,1,1,47,0,1
1657962292,85043758,1,1,1,31,4,1
1657962308,210566542,1,1,1,32,10,14
1657962203,437597018,1,1,1,25,2,1
1657962156,210565680,1,1,1,14,15,5
1657962245,210397939,1,1,1,15,1,1
1657962254,82405965,1,1,1,34,4,3
1657962283,213682736,1,1,1,48,1,3
1657961941,80101533,1,1,1,34,0,1
1657962044,54000581,1,1,1,17,14,3
1657962284,13105968,1,1,1,18,1,1
1657962104,653208733,1,1,1,32,0,5
1657962217,27415224,1,1,1,14,11,6
1657962179,907054879,1,1,1,6,4,9
1657962242,129094535,1,1,1,37,1,3
1657962318,54000612,1,1,1,40,1,0
1657962083,128986726,1,1,1,29,2,2
1657962257,599135701,1,1,1,32,11,1
1657962303,102747146,1,1,1,7,15,3
1657962290,2515403527,1,1,1,19,3,7
1657962292,653132534,1,1,1,23,0,2
1657961825,506455295,1,1,1,8,6,2
1657962170,1057149522,1,1,1,0,10,11
1657962283,210567545,1,1,1,15,3,0
1657962239,2515085147,1,1,1,18,1,1
1657961785,653197324,1,1,1,6,3,14
1657962241,210408693,1,1,1,15,7,2
1657962209,42950839,1,1,1,10,6,2
1657962237,14813797734,1,1,1,7,4,16
1657962185,88230992,1,1,1,28,0,1
1657962145,499303158,1,1,1,11,16,2
1657962081,27415302,1,1,1,24,0,2
1657962230,27414512,1,1,1,33,5,1
1657962191,210580039,1,1,1,15,0,2
1657962157,49474389,1,1,1,21,0,2
1657961799,128940135,1,1,1,17,2,1
1657962144,35149611,1,1,1,10,3,0
1657962284,1057296253,1,1,1,5,52,3
1657961812,210570888,1,1,1,21,1,0
1657962217,129107656,1,1,1,20,1,2
1657962195,1057228658,1,1,1,7,9,6
1657962162,230873471,1,1,1,16,1,4
1657962085,507934805,1,1,1,22,1,1
1657961906,205047993,1,1,1,33,4,9
1657962022,39799329,1,1,1,30,0,2
1657962182,129164969,1,1,1,12,28,10
1657962223,128989986,1,1,1,27,0,2
1657962217,129004826,1,1,1,13,0,3
1657962287,518825709,1,1,1,19,0,1
1657962261,128930462,1,1,1,24,3,2
1657962253,911767210,1,1,1,17,3,2
1657962098,54000565,1,1,1,16,1,8
1657962320,210586093,1,1,1,15,1,6
1657962016,7254,1,1,1,23,0,1
1657962297,369644630,1,1,1,17,6,7
1657962299,214114469,1,1,1,1,23,7
1657962192,128887067,1,1,1,11,2,6
1657962302,55927887,1,1,1,2,31,1
1657962184,210574471,1,1,1,10,0,3
1657962280,72765603,1,1,1,17,1,2
1657962278,210582921,1,1,1,7,4,3
1657962109,43255030,1,1,1,43,3,2
1657962283,129025451,1,1,1,22,0,5
1657962297,128920403,1,1,1,1,13,12
1657961782,323616530,1,1,1,8,6,2
1657961959,208795867,1,1,1,11,6,0
1657962136,1062192012,1,1,1,2,4,28
1657962242,6296,1,1,1,10,4,3
1657962251,521393180,1,1,1,14,4,2
1657961828,576188379,1,1,1,18,2,4
1657962106,128915891,1,1,1,11,15,7
1657962252,82567101,1,1,1,17,1,5
1652812373,102290754,1,0,0,24,0,0
1657962129,457813746,1,1,1,12,1,3
1657962311,128882438,1,1,1,32,4,3
1657962185,50191171,1,1,1,22,0,0
1657962167,129014600,1,1,1,26,3,4
1657962320,3906153622,1,1,1,4,11,1
1657962231,129087587,1,1,1,36,4,0
1657961920,213693511,1,1,1,22,0,1
1657962301,82379648,1,1,1,26,2,2
1657962312,66491397,1,1,1,3,51,6
1657962139,907081682,1,1,1,0,0,0
1657962069,230877798,1,1,1,32,2,0
1657962298,2515995748,1,1,1,17,0,5
1657962197,27363162,1,1,1,19,2,2
1657962077,129021753,1,1,1,15,1,1
1657962169,210740080,1,1,1,45,1,1
1657962275,54000569,1,1,1,25,11,2
1657962080,80216231,1,1,1,32,4,2
1657962124,336511521,1,1,1,8,0,9
1657962273,129043651,1,1,1,13,6,4
1657962058,82562556,1,1,1,43,5,1
1657962316,129048000,1,1,1,17,23,5
1657962272,1062250686,1,1,1,23,2,10
1657962000,261987383,1,1,1,23,0,3
1657962241,813544903,1,1,1,13,13,3
1657962222,126050442,1,1,1,16,6,0
1657962288,27363489,1,1,1,22,2,2
1657962026,39296638,1,1,1,34,1,0
1657961931,205938683,1,1,1,44,1,7
1657961938,210399835,1,1,1,30,1,8
1657962212,1057324291,1,1,1,54,1,3
1657962117,102324803,1,1,1,39,0,0
1657961941,101763163,1,1,1,5,5,2
1657962316,653133605,1,1,1,1,35,4
1657962254,3906094706,1,1,1,10,11,11
1657961999,27414578,1,1,1,11,5,3
1657962295,508042092,1,1,1,0,24,10
1657962140,42603855,1,1,1,12,1,4
1657962273,818302209,1,1,1,36,1,14
1657961735,13718041,1,1,1,19,1,3
1657962196,265464297,1,1,1,44,0,5
1657962308,1057392676,1,1,1,2,18,13
1657962301,102309973,1,1,1,35,1,4
1657962028,532054446,1,1,1,52,5,1
1657962065,129034587,1,1,1,9,7,0
1657962042,314829539,1,1,1,34,2,13
1657962097,586539770,1,1,1,20,1,1
1657961999,3906335682,1,1,1,15,7,3
1657962205,583539396,1,1,1,16,6,6
1657961897,101753100,1,1,1,13,2,1
1657962209,27415466,1,1,1,21,0,0
1657962122,52393,1,1,1,40,8,2
1657962182,81081358,1,1,1,28,4,6
1657962091,66491385,1,1,1,16,6,3
1657962173,209057581,1,1,1,14,3,1
1657962316,66491389,1,1,1,52,4,2
1657962251,210749865,1,1,1,8,7,1
1657962279,535500589,1,1,1,37,25,2
1657962313,597245295,1,1,1,15,6,13
1657962076,213684314,1,1,1,22,2,1
1657962038,235513935,1,1,1,24,1,1
1657962204,27206194,1,1,1,15,1,2
1657961763,102323152,1,1,1,15,1,2
1657962305,129060764,1,1,1,2,21,4
1657962290,828134511,1,1,1,18,1,13
1657961842,586649404,1,1,1,8,7,10
1657962083,596813170,1,1,1,6,0,7
1657962041,596872103,1,1,1,28,1,1
1657962277,271426439,1,1,1,13,1,5
1657962322,27363187,1,1,1,34,3,7
1657962265,76199461,1,1,1,22,1,8
1657962273,230952057,1,1,1,2,24,6
1657962291,37815993,1,1,1,28,4,2
1657962014,88140066,1,1,1,62,2,1
1657962297,213683101,1,1,1,8,9,1
1657962313,213684750,1,1,1,31,1,3
1657962315,129067920,1,1,1,35,1,3
1657962218,2515049357,1,1,1,15,3,6
1657961962,27364743,1,1,1,11,4,5
1657962277,102314792,1,1,1,25,2,3
1657962119,35447568,1,1,1,12,0,10
1657962077,129038848,1,1,1,12,4,0
1657962212,27415736,1,1,1,8,17,3
1657961841,583178525,1,1,1,11,1,8
1657962165,2514995690,1,1,1,21,4,5
1657961791,82387816,1,1,1,30,0,2
1657962219,213685090,1,1,1,12,15,2
1657962220,301841024,1,1,1,19,3,8
1657962298,66491402,1,1,1,26,4,3
1657962292,213679512,1,1,1,6,12,7
1657962303,588452142,1,1,1,22,1,1
1657962262,85147829,1,1,1,20,4,1
1657962299,213681356,1,1,1,10,7,5
1657962244,2515351285,1,1,1,21,4,2
1657962282,213685514,1,1,1,11,13,0
1657962319,102329800,1,1,1,6,14,7
1657962310,54000625,1,1,1,11,19,3
1657962230,572566600,1,1,1,4,5,19
1657962191,213911772,1,1,1,49,2,5
1657961853,129132870,1,1,1,22,1,0
1657962303,620403530,1,1,1,4,10,5
1657962273,66491378,1,1,1,36,11,1
1657961898,631773910,1,1,1,2,20,4
1657962244,1765749389,1,1,1,3,6,7
1657962000,611152693,1,1,1,11,6,10
1657962234,235241110,1,1,1,15,34,7
1657962298,613737748,1,1,1,9,8,13
1657962274,41498023,1,1,1,21,0,1
1657962301,1062671597,1,1,1,2,8,11
1657961880,213945171,1,1,1,20,0,1
1657961797,463297497,1,1,1,18,0,2
1657962010,213875650,1,1,1,6,12,6
1657962201,245187072,1,1,1,19,1,0
1657961899,129144878,1,1,1,23,3,4
1657962236,27415665,1,1,1,23,7,10
1657962062,593238093,1,1,1,18,2,4
1657962035,102331767,1,1,1,26,6,2
1657961947,37791,1,1,1,25,7,2
1657962028,50156117,1,1,1,22,0,1
1657962255,15462236,1,1,1,31,0,1
1657961917,129093478,1,1,1,27,0,1
1657962238,35908,1,1,1,15,2,0
1657962194,210744286,1,1,1,37,5,1
1657962314,101024234,1,1,1,8,37,3
1657962116,213992316,1,1,1,48,0,2
1657962202,213694482,1,1,1,17,2,0
1657962297,129011497,1,1,1,19,3,1
1657962062,101743895,1,1,1,44,8,12
1657962251,213691848,1,1,1,36,3,3
1657961981,210396518,1,1,1,13,2,1
1657962120,97677210,1,1,1,47,1,0
1657962306,39254792,1,1,1,33,14,2
1657962259,213683992,1,1,1,4,40,5
1657962182,54000601,1,1,1,18,0,0
1657962165,27362896,1,1,1,22,2,1
1657962249,213687140,1,1,1,15,16,3
1657962224,235599121,1,1,1,14,8,4
1657961885,213680917,1,1,1,25,0,0
1657962152,1057774603,1,1,1,26,1,5
1657962314,213688462,1,1,1,36,1,1
1657962317,102749572,1,1,1,10,20,20
1657962297,549876068,1,1,1,25,10,11
1657962014,390212609,1,1,1,15,15,0
1657962201,63498079,1,1,1,20,1,3
1657962296,102338493,1,1,1,16,2,11
1657962282,875078767,1,1,1,20,0,0
1657961852,210573120,1,1,1,31,0,1
1657962246,1558958733,1,1,1,20,1,6
1657962224,2515802454,1,1,1,16,8,1
1657962177,648227675,1,1,1,35,2,3
1657962268,42566291,1,1,1,31,0,3
1657962048,1062206433,1,1,1,16,0,4
1657962300,129032910,1,1,1,43,3,8
1657962241,647826568,1,1,1,0,25,5
1657962216,54000577,1,1,1,24,1,1
1657962145,54001024,1,1,1,50,0,2
1657962247,94250567,1,1,1,3,45,4
1657962070,129078200,1,1,1,25,1,3
1657962274,649888071,1,1,1,1,14,3
1657962179,82563707,1,1,1,30,0,1
1657962163,129143598,1,1,1,22,4,1
1657962275,213690847,1,1,1,27,9,1
1657962301,102333275,1,1,1,9,20,3
1657962269,640629438,1,1,1,4,0,17
1657962190,82328045,1,1,1,4,10,8
1657961848,27363362,1,1,1,18,1,0
1657962301,237624030,1,1,1,11,11,14
1657961945,213957917,1,1,1,12,12,3
1657962302,54000626,1,1,1,8,11,1
1657962117,6399,1,1,1,26,3,1
1657961767,210746090,1,1,1,48,0,1
1657962238,27414841,1,1,1,23,2,2
1657962187,82253759,1,1,1,20,5,1
1657962255,82457375,1,1,1,18,5,7
1657962238,54000609,1,1,1,32,2,0
1515739220,27415512,1,0,0,35,0,0
1657962304,49859500,1,1,1,1,13,4
1657962207,214139374,1,1,1,4,17,6
1657961740,213702608,1,1,1,18,1,0
1657962277,559507144,1,1,1,13,4,8
1657962268,213700358,1,1,1,20,0,0
1657962223,653063170,1,1,1,30,5,3
1657962300,3906215030,1,1,1,35,1,2
1657962145,129151834,1,1,1,40,1,1
1657962243,237041013,1,1,1,13,1,4
1657962308,54000553,1,1,1,33,1,0
1657962224,653200142,1,1,1,31,3,3
1657962207,650091839,1,1,1,2,18,3
1657962103,362869414,1,1,1,15,9,1
1657962276,55664548,1,1,1,19,4,7
1657962206,100859941,1,1,1,41,8,3
1657962306,49368561,1,1,1,22,22,2
1657961814,42743053,1,1,1,33,1,0
1657962255,213699913,1,1,1,20,2,3
1657962189,101740379,1,1,1,40,3,1
1657962296,4329844165,1,1,1,22,6,5
1657962254,213694069,1,1,1,23,0,0
1655990886,214134714,1,0,0,26,0,0
1657962318,468843711,1,1,1,23,0,0
1657962126,378626842,1,1,1,48,0,1
1657962298,27414945,1,1,1,11,5,0
1657962314,210090269,1,1,1,42,14,3
1657961955,376664868,1,1,1,28,1,0
1657962295,2515927759,1,1,1,3,11,14
1657961797,205955605,1,1,1,35,1,0
1657962081,933214552,1,1,1,0,22,3
1657962207,66491370,1,1,1,20,2,5
1657962292,353462947,1,1,1,10,6,14
1657962213,1559700274,1,1,1,14,5,1
1657961838,39217683,1,1,1,21,4,2
1657961938,213688824,1,1,1,27,1,3
1657962269,82337423,1,1,1,40,4,3
1657962097,66491404,1,1,1,15,3,3
1657962158,652120758,1,1,1,53,4,2
1657962108,66491393,1,1,1,39,5,3
1657962315,1062223873,1,1,1,18,2,2
1657962266,49085250,1,1,1,13,1,2
1657962216,376526598,1,1,1,46,0,1
1657962193,27071684,1,1,1,26,2,4
1657962308,2515907297,1,1,1,10,5,3
1657962253,66491401,1,1,1,23,30,2
1657962214,341388492,1,1,1,40,3,3
1657962280,985828965,1,1,1,0,34,5
1657962267,338762459,1,1,1,10,14,4
1657962188,323486248,1,1,1,3,9,4
1657962312,66491392,1,1,1,42,1,0
1657962061,478952881,1,1,1,11,9,3
1657962219,501318622,1,1,1,5,16,3
1657962070,38263504,1,1,1,6,8,10
1657961833,470807791,1,1,1,19,9,3
1657962304,82445192,1,1,1,4,5,27
1657962223,2515658032,1,1,1,16,0,3
1657961937,568135465,1,1,1,36,0,3
1657840010,570185777,1,0,0,0,0,0
1657962279,214102967,1,1,1,33,1,9
1657962312,54000597,1,1,1,18,3,1
1657962313,82417874,1,1,1,33,14,8
1657962292,102319838,1,1,1,8,1,7
1657962139,652192395,1,1,1,54,3,8
1657962320,571923059,1,1,1,41,2,4
1657962303,66491405,1,1,1,24,1,2
1657962289,54000635,1,1,1,13,11,9
1657962312,54000544,1,1,1,16,20,3
1657962288,1062179194,1,1,1,19,2,3
1657962083,1063017616,1,1,1,21,0,1
1657962262,378648513,1,1,1,22,5,8
1657962201,27278603,1,1,1,20,0,2
1657962110,13497763,1,1,1,17,2,4
1657961935,653042442,1,1,1,17,17,6
1657962274,49807107,1,1,1,7,7,4
1657962236,82450803,1,1,1,44,9,3
1657962312,210747224,1,1,1,22,23,2
1657962158,210568512,1,1,1,56,3,1
1657962179,213691542,1,1,1,43,5,4
1657962119,357409723,1,1,1,23,3,4
1657962187,2515855808,1,1,1,15,9,10
1657962166,384370499,1,1,1,19,4,1
1657962271,49403716,1,1,1,26,0,0
1657962288,54000571,1,1,1,11,33,8
1657961967,473204291,1,1,1,29,3,2
1657962309,27363103,1,1,1,25,7,1
1657962008,85145704,1,1,1,15,5,6
1657962198,653044270,1,1,1,16,1,0
1657962310,26958435,1,1,1,25,0,0
1657962287,6385,1,1,1,19,1,2
1657962144,213857398,1,1,1,10,2,2
1657962301,82550925,1,1,1,16,8,10
1657962297,27363096,1,1,1,5,25,1
1657962160,85165045,1,1,1,7,8,9
1657962321,129119449,1,1,1,14,3,2
1657962128,475524450,1,1,1,18,3,2
1657962285,653048150,1,1,1,31,8,1
1657962319,244400797,1,1,1,19,1,1
1657962135,213922790,1,1,1,35,1,14
1657962248,129001431,1,1,1,28,1,2
1657962303,210753033,1,1,1,2,7,4
1657962182,653203262,1,1,1,18,5,3
1657962179,406806401,1,1,1,11,14,3
1657962262,85143075,1,1,1,22,0,8
1657962300,1063035479,1,1,1,1,9,10
1657961940,54000595,1,1,1,29,2,4
1657961953,82571110,1,1,1,19,2,3
1657962183,54000582,1,1,1,18,6,2
1657962033,217235307,1,1,1,23,0,0
1657962046,210748575,1,1,1,23,13,14
1657962143,82421994,1,1,1,4,24,5
1657962289,214123470,1,1,1,2,17,4
1657961823,129086648,1,1,1,39,0,3
1657961956,217572769,1,1,1,21,5,0
1657961895,214298601,1,1,1,18,0,5
1657962267,129125489,1,1,1,18,0,3
1657962320,214122655,1,1,1,27,1,3
1657962257,15461933,1,1,1,13,2,0
1657962155,82458977,1,1,1,10,4,8
1657961912,129077035,1,1,1,50,1,0
1657962029,221047138,1,1,1,17,0,1
1657962210,15308782,1,1,1,7,16,10
1657962195,216473073,1,1,1,17,0,1
1657962073,37521,1,1,1,5,11,1
1642540077,35196898,1,0,0,27,0,0
1657962305,653046029,1,1,1,1,26,6
1657962199,2515976231,1,1,1,4,7,7
1657961994,129103849,1,1,1,16,0,4
1657962000,1057009034,1,1,1,26,0,1
1657962264,82334007,1,1,1,33,11,2
1657962255,214146056,1,1,1,8,5,14
1657962295,85008390,1,1,1,60,8,3
1657962223,216039437,1,1,1,23,1,1
1657962205,215495494,1,1,1,41,0,4
1657962313,43155320,1,1,1,43,2,2
1657962245,129130397,1,1,1,5,15,1
1657962146,653129412,1,1,1,13,5,11
1657962229,54000634,1,1,1,16,2,7
1657962241,419381597,1,1,1,36,12,2
1657962200,54000548,1,1,1,6,12,9
1657962315,54000466,1,1,1,28,0,1
1657962026,426772876,1,1,1,19,6,6
1657962316,74620630,1,1,1,23,0,3
1657962302,129091653,1,1,1,18,9,6
1657962101,100905057,1,1,1,18,2,2
1657962184,129134084,1,1,1,19,4,0
1657962303,210754072,1,1,1,10,18,7
1657962241,419991048,1,1,1,35,9,6
1657962267,2820744873,1,1,1,21,1,6
1657962242,213676825,1,1,1,26,15,10
1657962189,15299574,1,1,1,28,19,1
1657962109,41566122,1,1,1,43,8,3
1657962040,963786819,1,1,1,28,0,2
1657961883,427678168,1,1,1,37,3,4
1657962266,976762284,1,1,1,8,6,13
1657961983,213686196,1,1,1,18,0,0
1657962234,11004671601,1,1,1,10,8,7
1657962101,27414601,1,1,1,38,2,2
1657962311,129036192,1,1,1,9,0,1
1657962304,82421013,1,1,1,26,5,4
1657962073,434419150,1,1,1,31,2,3
1657961869,252339799,1,1,1,18,10,0
1657962068,224589573,1,1,1,15,1,2
1657962134,220502135,1,1,1,11,20,5
1657961868,129114993,1,1,1,32,0,0
1657962262,129124069,1,1,1,20,0,1
1657962320,221094844,1,1,1,10,9,4
1657962295,220726050,1,1,1,27,20,6
1657962255,254224239,1,1,1,50,7,5
1657962011,1805401614,1,1,1,15,5,6
1657962198,129116697,1,1,1,15,4,0
1657961993,977409509,1,1,1,35,1,1
1657962204,653055049,1,1,1,18,8,7
1657962284,221041655,1,1,1,42,5,8
1657962136,1057769632,1,1,1,18,6,1
1657962027,1333959209,1,1,1,16,0,3
1657962305,213690256,1,1,1,41,1,3
1657962293,476183970,1,1,1,27,5,7
1657962009,632007124,1,1,1,27,6,3
1657962255,977206088,1,1,1,11,11,8
1657962296,213868408,1,1,1,3,23,4
1657962277,129061615,1,1,1,0,29,4
1657962095,43165673,1,1,1,19,11,6
1657962002,82381710,1,1,1,13,0,1
1657962196,224598098,1,1,1,35,11,5
1657962316,10968855,1,1,1,12,1,6
1657962250,82508970,1,1,1,8,8,10
1657962151,653055097,1,1,1,19,2,1
1657961978,221038698,1,1,1,12,4,9
1657962291,27246227,1,1,1,22,0,1
1657961918,63297,1,1,1,12,5,4
1657962234,95927849,1,1,1,9,10,4
1657962142,102341385,1,1,1,20,1,2
1657962060,54000605,1,1,1,34,1,2
1657962050,979059925,1,1,1,24,2,3
1657961743,6512,1,1,1,14,0,1
1657961946,27363323,1,1,1,29,0,4
1657962117,85118872,1,1,1,38,0,0
1657962033,102289046,1,1,1,8,9,5
1657961960,124402232,1,1,1,37,1,3
1657962151,985086307,1,1,1,3,10,10
1657962193,27415327,1,1,1,24,1,1
1657961953,100798076,1,1,1,13,3,3
1657962081,15298647,1,1,1,29,5,2
1657962306,1063404053,1,1,1,10,2,7
1613034881,76199110,1,0,0,0,0,0
1657961970,54000598,1,1,1,23,2,0
1657962296,2515829865,1,1,1,6,5,10
1657962226,989753852,1,1,1,17,2,1
1657962265,990000217,1,1,1,0,9,5
1657962213,121025345,1,1,1,11,2,0
1657962241,213692714,1,1,1,20,0,4
1657962322,82577019,1,1,1,23,4,2
1657962304,39256416,1,1,1,43,3,1
1657961861,255207155,1,1,1,17,0,2
1657962303,63769334,1,1,1,22,9,6
1657962104,129136818,1,1,1,15,0,4
1657962151,27415469,1,1,1,24,0,0
1657962274,39599631,1,1,1,14,4,4
1657962216,84979504,1,1,1,8,15,2
1657962250,37936869,1,1,1,5,17,13
1657961922,85120104,1,1,1,14,0,1
1657962211,653059015,1,1,1,31,0,0
1657962321,101748685,1,1,1,27,14,0
1657962195,54000608,1,1,1,46,2,5
1657961974,653080986,1,1,1,4,1,2
1657962240,102743096,1,1,1,26,0,1
1657962174,66491394,1,1,1,16,21,6
1657962295,126175087,1,1,1,12,2,10
1657962165,101746493,1,1,1,41,8,3
1657962266,27363137,1,1,1,3,15,4
1657961745,339797666,1,1,1,24,0,1
1657962222,1968156458,1,1,1,1,28,5
1657962294,82404497,1,1,1,11,23,2
1657961874,991351798,1,1,1,7,10,6
1657961960,7304,1,1,1,10,2,3
1657962217,54000592,1,1,1,25,8,2
1657962130,54000572,1,1,1,16,2,2
1657961875,15409531,1,1,1,5,5,6
1657962291,29327,1,1,1,4,11,5
1657961839,36298,1,1,1,12,1,1
1657962221,37903195,1,1,1,9,5,11
1657962015,102313219,1,1,1,26,5,1
1657962145,100906707,1,1,1,24,14,2
1657962244,624177860,1,1,1,39,2,9
1657962318,66491407,1,1,1,15,4,3
1657962299,27369223,1,1,1,4,6,6
1657962281,102336814,1,1,1,1,16,2
1657962241,484423835,1,1,1,16,9,2
1657962280,54000618,1,1,1,18,1,0
1657962251,653059879,1,1,1,3,19,18
1657962123,210583589,1,1,1,17,8,3
1657962274,653050378,1,1,1,2,26,6
1657962210,15291968,1,1,1,12,0,1
1657962282,126354477,1,1,1,16,0,3
1657962314,15387809,1,1,1,52,7,2
1657962250,1002059045,1,1,1,1,13,12
1657962318,1002738770,1,1,1,17,2,7
1657962293,100918666,1,1,1,9,7,5
1657962149,213987795,1,1,1,21,3,14
1657962098,15397468,1,1,1,32,12,1
1657962319,129101773,1,1,1,40,0,4
1657961794,84966359,1,1,1,23,2,0
1657962254,42908639,1,1,1,29,0,0
1657961743,125469898,1,1,1,32,0,0
1657962289,35137730,1,1,1,22,18,6
1657961927,52329,1,1,1,35,1,1
1657961927,42499285,1,1,1,39,4,0
1657962265,85162552,1,1,1,36,1,7
1655504532,88235134,1,0,0,1,0,1
1657961901,2515738489,1,1,1,18,1,1
1657962275,256561528,1,1,1,9,27,5
1657962010,452920451,1,1,1,18,0,5
1657962228,37920,1,1,1,13,17,2
1657962210,54000588,1,1,1,20,25,19
1657962321,1020700136,1,1,1,13,3,4
1657962303,100855693,1,1,1,15,8,1
1657962039,54000549,1,1,1,14,1,0
1657962281,54000586,1,1,1,26,1,5
1657962276,102304517,1,1,1,44,2,0
1657962312,128889359,1,1,1,20,9,6
1657962277,54000546,1,1,1,17,7,6
1657962139,129042700,1,1,1,48,8,2
1657962242,101761298,1,1,1,23,15,7
1657962200,912377361,1,1,1,12,27,3
1657962207,256124192,1,1,1,37,0,4
1657962277,27364581,1,1,1,24,0,1
1657961968,653127524,1,1,1,27,3,0
1657962218,2515686699,1,1,1,22,0,3
1657962261,210737808,1,1,1,21,1,3
1657962312,259977414,1,1,1,11,7,2
1657962268,82568336,1,1,1,19,1,6
1657962013,1021176825,1,1,1,14,7,1
1657962292,54000611,1,1,1,20,1,4
1657962315,66491408,1,1,1,29,0,3
1657961969,100872260,1,1,1,40,2,0
1657962314,36151,1,1,1,13,0,2
1657962193,213848056,1,1,1,0,49,5
1657962271,452936197,1,1,1,40,16,3
1657962317,54000545,1,1,1,17,41,6
1657962233,66505511,1,1,1,21,2,6
1657961854,224256188,1,1,1,26,1,1
1657962253,66491386,1,1,1,41,8,6
1657962253,1023083417,1,1,1,12,1,6
1657962098,54000539,1,1,1,23,9,4
1657962200,1025995767,1,1,1,4,10,7
1657962041,101490103,1,1,1,22,1,0
1657962140,82432573,1,1,1,32,4,12
1657961905,1021553839,1,1,1,34,0,2
1657962289,54000541,1,1,1,1,21,6
1657961897,653065577,1,1,1,16,5,9
1657961785,1034242363,1,1,1,32,0,3
1657962229,335780498,1,1,1,25,3,4
1657962117,256403519,1,1,1,17,0,3
1657962193,484387018,1,1,1,19,7,2
1657962282,544249939,1,1,1,32,13,4
1657962223,1035816937,1,1,1,23,1,4
1657962303,66507229,1,1,1,13,11,2
1657962219,27415012,1,1,1,4,39,22
1657962193,263610599,1,1,1,38,3,3
1657962300,49772483,1,1,1,17,1,0
1657961872,653066427,1,1,1,16,5,4
1657962188,129089749,1,1,1,25,3,3
1657961829,100770878,1,1,1,22,3,0
1657962144,27415297,1,1,1,50,0,1
1657962208,54000607,1,1,1,5,4,10
1657962321,13283986,1,1,1,21,13,0
1657962313,100910836,1,1,1,39,3,5
1657961970,6515,1,1,1,24,1,3
1657962259,41523981,1,1,1,21,8,2
1657962257,1034247348,1,1,1,25,1,7
1657962246,39536951,1,1,1,28,2,2
1657962251,35089539,1,1,1,9,6,6
1657962280,27415169,1,1,1,9,7,5
1657962297,15412563,1,1,1,19,3,0
1657962115,30179848,1,1,1,26,1,0
1657961933,27363029,1,1,1,29,0,3
1657962120,484889494,1,1,1,14,5,7
1657962090,27363256,1,1,1,16,6,3
1657962111,100902274,1,1,1,34,1,2
1657962102,15414455,1,1,1,30,4,0
1657962176,27415285,1,1,1,22,1,1
1657962254,78348185,1,1,1,30,13,6
1657962224,36003,1,1,1,18,2,0
1657902279,27415215,1,1,1,5,5,14
1657962241,263732151,1,1,1,25,2,6
1657962238,1036199130,1,1,1,4,14,3
1657962318,129161858,1,1,1,18,9,4
1657962034,653035822,1,1,1,25,1,2
1657962058,27414460,1,1,1,12,11,13
1657962314,76488849,1,1,1,16,15,5
1657962065,66505513,1,1,1,21,4,4
1657962185,129050965,1,1,1,2,5,10
1657962129,66491368,1,1,1,40,8,2
1657962241,82419429,1,1,1,19,13,6
1657962322,349750111,1,1,1,22,4,2
1657961795,52453,1,1,1,18,5,2
1657962152,210389577,1,1,1,5,2,9
1657962216,15401095,1,1,1,23,21,2
1657962274,1055553396,1,1,1,14,1,0
1657961996,210394523,1,1,1,31,2,1
1657962113,1036226943,1,1,1,0,10,16
1657962159,1056959071,1,1,1,16,23,2
1657961881,60667075,1,1,1,21,1,0
1657962285,66491371,1,1,1,17,11,1
1657961949,486833337,1,1,1,27,3,3
1657962016,1055541632,1,1,1,10,23,7
1657962301,75313725,1,1,1,29,0,3
1657962183,606669250,1,1,1,16,18,6
1657962028,653069115,1,1,1,28,1,5
1657962095,15383032,1,1,1,37,1,1
1657962236,54000561,1,1,1,29,1,0
1657962224,54001190,1,1,1,20,6,0
1657962115,460558111,1,1,1,12,4,2
1657962187,82569809,1,1,1,14,2,6
1657962166,11851037297,1,1,1,30,0,3
1657962312,266052390,1,1,1,27,0,1
1657962043,37952191,1,1,1,22,6,3
1657962319,34300292,1,1,1,22,0,2
1657961881,82554786,1,1,1,28,0,2
1657962224,268976295,1,1,1,27,2,2
1657961979,27415444,1,1,1,29,0,1
1657962024,84983562,1,1,1,44,3,5
1657961975,129081441,1,1,1,17,3,1
1657962301,653073004,1,1,1,31,16,0
1657962302,1056986761,1,1,1,40,12,3
1657962283,41610121,1,1,1,0,22,4
1657962257,82566934,1,1,1,42,8,2
1657962106,128936618,1,1,1,26,8,2
1657962240,35106544,1,1,1,41,10,4
1657962300,267976590,1,1,1,7,49,9
1657961753,1056965116,1,1,1,34,8,7
1657962280,54000630,1,1,1,20,3,2
1657962306,54000567,1,1,1,27,3,4
1657962080,1599921040,1,1,1,23,6,1
1657961826,129096696,1,1,1,12,0,1
1657962190,82590367,1,1,1,44,10,1
1657962307,82573931,1,1,1,21,9,6
1657961823,82436057,1,1,1,19,1,1
1657961981,43219958,1,1,1,34,2,2
1657962263,269953055,1,1,1,9,13,5
1657962034,82448637,1,1,1,40,3,3
1657962313,271540743,1,1,1,21,3,2
1657962110,452347778,1,1,1,0,14,6
1657962139,13372702,1,1,1,21,6,5
1657962140,1599931563,1,1,1,25,0,5
1657962007,15411223,1,1,1,21,2,1
1657962310,85152599,1,1,1,16,27,3
1657962061,284711589,1,1,1,16,2,0
1657962057,30550,1,1,1,22,1,1
1657962267,478593396,1,1,1,7,0,13
1657962264,213675430,1,1,1,9,25,15
1657962264,462875227,1,1,1,5,10,10
1657962308,213693126,1,1,1,21,0,1
1657962295,363735875,1,1,1,5,10,2
1657962259,265266148,1,1,1,12,3,9
1657961765,357491025,1,1,1,20,0,2
1657962268,457713145,1,1,1,33,5,5
1657962100,392576677,1,1,1,21,1,1
1657962216,66491406,1,1,1,39,6,3
1657962149,338853596,1,1,1,12,9,4
1657961958,1056995858,1,1,1,18,5,5
1657962214,27414924,1,1,1,20,1,2
1657962316,390075668,1,1,1,23,2,12
1657962110,54000550,1,1,1,8,17,6
1657962272,1056972307,1,1,1,11,25,12
1657962272,653217067,1,1,1,1,1,17
1657962212,1109534105,1,1,1,13,0,7
1657962195,124390478,1,1,1,7,6,4
1657962237,365181481,1,1,1,42,8,2
1657962214,653076373,1,1,1,24,2,8
1653895841,11851327865,0,0,0,30,0,0
1657962228,52456,1,1,1,26,0,2
1657962164,15310509,1,1,1,14,3,0
1657962305,275968458,1,1,1,52,2,5
1657962254,213995665,1,1,1,14,8,8
1657962289,1056979685,1,1,1,12,10,4
1657962215,128928526,1,1,1,9,1,5
1657962242,27415123,1,1,1,4,11,8
1657962317,287096529,1,1,1,22,18,3
1657961818,97705710,1,1,1,27,6,5
1657961842,13242682,1,1,1,29,2,0
1657962174,278576043,1,1,1,15,0,1
1657961995,213695073,1,1,1,32,0,1
1657962255,284708999,1,1,1,28,10,0
1657962139,653079520,1,1,1,6,6,5
1657962318,653076393,1,1,1,19,8,7
1657962137,129069108,1,1,1,37,1,0
1597371137,213936755,1,0,0,49,0,0
1657962312,30641281,1,1,1,6,11,4
1657962247,54000593,1,1,1,31,3,4
1657962234,27362949,1,1,1,30,0,1
1657962221,1057003116,1,1,1,18,10,2
1657962001,285726279,1,1,1,21,1,2
1652035916,41587607,1,0,0,30,0,0
1657961739,285454061,1,1,1,14,1,0
1657961985,213686471,1,1,1,18,0,6
1657962056,7261,1,1,1,20,0,0
1657962242,291354793,1,1,1,4,29,17
1657962270,213685863,1,1,1,1,36,13
1657962297,653062048,1,1,1,0,14,9
1657962100,1062812659,1,1,1,31,24,2
1657962054,653079135,1,1,1,2,8,5
1657962268,38319086,1,1,1,35,1,0
1657962298,653129435,1,1,1,1,14,1
1657962284,221032834,1,1,1,26,19,3
1657961940,124622630,1,1,1,32,1,5
1657962295,594942659,1,1,1,1,8,10
1657962257,96512532,1,1,1,9,7,1
1657962248,362178041,1,1,1,15,6,6
1657962310,100783424,1,1,1,41,24,3
1657962282,27415524,1,1,1,6,7,11
1657962256,422639331,1,1,1,16,10,5
1657962156,1057061349,1,1,1,21,8,0
1657961997,292871105,1,1,1,18,1,2
1657962207,38280,1,1,1,15,2,0
1657961889,653125838,1,1,1,22,3,4
1657962284,476053320,1,1,1,19,4,3
1657962045,129121741,1,1,1,47,2,1
1657962270,404947652,1,1,1,10,14,7
1657961763,129142199,1,1,1,21,3,5
1657962312,210584503,1,1,1,8,2,4
1657962276,42541542,1,1,1,6,10,14
1657962105,27363558,1,1,1,6,19,2
1657962099,214109662,1,1,1,12,1,6
1657962216,653122771,1,1,1,4,13,6
1657962217,35147530,1,1,1,15,2,5
1657962054,1057081237,1,1,1,20,1,2
1657962310,101756482,1,1,1,31,13,4
1657962257,1057179405,1,1,1,26,0,2
1657962258,653135400,1,1,1,13,8,3
1657962098,213689228,1,1,1,40,2,0
1657962117,409364001,1,1,1,13,0,5
1657962303,129079313,1,1,1,27,13,4
1657962311,129135654,1,1,1,3,24,2
1657962266,653080383,1,1,1,2,37,9
1657962249,1057039016,1,1,1,6,9,5
1657962299,1057045129,1,1,1,27,9,4
1657962262,1190800638,1,1,1,8,7,5
1657962313,302725495,1,1,1,38,6,4
1657962229,303102719,1,1,1,11,0,0
1657962288,27363277,1,1,1,28,1,7
1657962160,6295,1,1,1,7,12,2
1657962273,303452950,1,1,1,17,0,16
1657962250,54000617,1,1,1,13,0,7
1526880629,213691137,1,0,0,30,0,0
1657962286,653131074,1,1,1,23,0,2
1657961958,308082350,1,1,1,16,1,0
1657961992,653126035,1,1,1,2,7,11
1657962075,36473,1,0,0,12,1,0
1657961990,210745258,1,1,1,40,2,4
1657961911,37921892,1,1,1,13,8,2
1657962302,457834134,1,1,1,25,1,2
1657962050,653123610,1,1,1,31,3,1
1657962206,35101194,1,1,1,5,20,5
1657962215,54000615,1,1,1,11,9,9
1657962266,135806005,1,1,1,11,2,2
1657962298,66491395,1,1,1,13,14,7
1657962298,82550543,1,1,1,14,31,7
1657962222,653135378,1,1,1,34,0,2
1657962192,54000562,1,1,1,12,12,6
1657961919,402212574,1,1,1,24,2,2
1657962305,1057184567,1,1,1,31,0,3
1657962100,1057319366,1,1,1,9,13,7
1657962198,34235349,1,1,1,23,3,2
1657962234,210751059,1,1,1,4,9,3
1657962238,1057203651,1,1,1,33,2,7
1657962205,453172172,1,1,1,4,3,6
1657962272,478385490,1,1,1,21,0,6
1657962079,102326776,1,1,1,21,1,1
1657962029,213706622,1,1,1,20,2,1
1657962233,213686749,1,1,1,29,4,3
1657962204,1057302263,1,1,1,7,10,1
1657962166,82572699,1,1,1,21,5,3
1657962313,311552027,1,1,1,32,11,2
1657962118,27269170,1,1,1,1,16,4
1657962241,82375611,1,1,1,41,1,1
1657962230,443402852,1,1,1,42,2,2
1657962189,1062162270,1,1,1,12,1,7
1657962165,38192,1,1,1,27,4,3
1657962284,84958519,1,1,1,21,4,6
1657961883,559980654,1,1,1,22,0,0
1657962174,213952930,1,0,0,30,0,0
1657962160,458086607,1,1,1,10,14,2
1657962320,7247,1,1,1,15,4,3
1657962258,653081846,1,1,1,28,1,1
1657962159,213689815,1,1,1,18,15,1
1657962315,443198808,1,1,1,28,4,3
1657962308,620676855,1,1,1,0,10,12
1657962302,98187918,1,1,1,8,40,11
1657962085,13191324,1,1,1,28,5,0
1657961999,210738704,1,1,1,20,4,1
1657962283,102745622,1,1,1,0,24,4
1657962205,213999554,1,1,1,12,6,1
1657962204,213677219,1,1,1,4,15,0
1657962295,6294,1,1,1,5,12,5
1657962238,85155919,1,1,1,26,4,1
1657962082,1062238429,1,1,1,4,10,2
1657962278,369011098,1,1,1,10,3,7
1657962314,102343591,1,1,1,10,9,12
1657962273,27415150,1,1,1,11,2,7
1657961947,82565383,1,1,1,41,1,1
1657962115,653134004,1,1,1,17,5,2
1657962134,27415246,1,1,1,30,13,1
1657962190,389788858,1,1,1,50,22,0
1657962078,1056947780,1,1,1,28,1,1
1657962180,38327,1,1,1,37,0,3
1657962257,100925033,1,1,1,3,34,7
1657962156,109609241,1,1,1,20,10,2
1657962273,101491821,1,1,1,31,3,6
1657961743,82562496,1,1,1,17,1,1
1657962259,235197110,1,1,1,0,39,5
1657962295,417088374,1,1,1,4,29,5
1657962115,129145892,1,1,1,34,2,11
1657962090,439750210,1,1,1,22,0,2
1657962194,82584215,1,1,1,29,30,0
1657962164,42720305,1,1,1,38,0,0
1657962224,653205656,1,1,1,4,10,14
1657962034,653147618,1,1,1,18,3,6
1657962293,335989765,1,1,1,34,7,6
1657962198,417623119,1,1,1,11,2,7
1657962299,54000632,1,1,1,15,14,5
1657962206,428088564,1,1,1,20,2,3
1657962263,365886904,1,1,1,33,3,0
1657962254,85015750,1,1,1,34,1,3
1657962266,27064639,1,1,1,1,9,11
1657962117,102722579,1,1,1,19,4,2
1657962203,653083263,1,1,1,19,16,4
1657962318,39151458,1,1,1,17,1,1
1657962111,213682190,1,1,1,37,4,1
1657961840,468354634,1,1,1,25,1,4
1657962001,379063990,1,1,1,17,2,3
1657962079,221036108,1,1,1,41,4,1
1657962097,213692227,1,1,1,36,0,0
1657962295,75641607,1,1,1,18,12,1
1657962011,653137566,1,1,1,13,2,18
1657962061,213674686,1,1,1,25,3,7
1657962008,38522,1,1,1,22,0,1
1657962064,488889101,1,1,1,15,4,12
1657961777,653083675,1,1,1,7,2,10
1657962280,266422568,1,1,1,13,3,7
1657962308,488872892,1,1,1,17,16,7
1657962222,488800137,1,1,1,24,1,1
1657962209,1057730786,1,1,1,13,2,2
1657962271,131094294,1,1,1,7,8,15
1657962125,129016495,1,1,1,42,2,9
1657961821,1057335613,1,1,1,20,6,3
1657961971,491687415,1,1,1,19,1,2
1657961984,39202840,1,1,1,14,0,3
1657962293,653141822,1,1,1,17,1,0
1657962274,488980540,1,1,1,25,6,3
1657961846,54000599,1,1,1,19,2,3
1657962154,1057221951,1,1,1,4,19,4
1657962245,653137567,1,1,1,4,9,9
1657962284,54000600,1,1,1,30,2,1
1657962251,82455731,1,1,1,42,14,4
1657962173,15212034,1,1,1,16,1,2
1657962123,494183852,1,1,1,35,3,2
1657962284,1057399900,1,1,1,13,0,11
1657962073,559595472,1,1,1,12,10,1
1657962298,210395439,1,1,1,3,10,10
1657962319,491932748,1,1,1,38,0,1
1657961909,1057329581,1,1,1,17,5,1
1657962155,1057378487,1,1,1,9,7,4
1657962110,1057737444,1,1,1,3,44,3
1657962038,82336035,1,1,1,6,7,5
1657962144,1314450240,1,1,1,4,11,4
1657962280,2515636592,1,1,1,3,10,5
1657962199,255322397,1,1,1,11,12,3
1657962023,653139063,1,1,1,43,0,8
1657961999,1057091571,1,1,1,15,10,3
1657962294,210582231,1,1,1,22,2,1
1657962176,653087180,1,1,1,23,3,4
1656114400,583171360,1,0,0,30,0,0
1657962238,312870435,1,1,1,10,0,0
1657962220,1057354004,1,1,1,14,11,4
1657962026,129106450,1,1,1,28,4,3
1657962249,1057405802,1,1,1,18,0,10
1657962250,27414544,1,1,1,18,1,2
1657962224,213894629,1,1,1,28,13,4
1657962218,100923502,1,1,1,2,6,8
1657962269,129059516,1,1,1,34,10,0
1657962288,1227051850,1,1,1,21,14,4
1657962321,1057748427,1,1,1,12,26,5
1657962292,285001735,1,1,1,38,1,0
1657961875,54000560,1,1,1,20,0,0
1657962290,1062742831,1,1,1,21,12,5
1657961843,101017160,1,1,1,19,11,1
1657962266,100933541,1,1,1,20,3,3
1657962300,36391,1,1,1,3,12,6
1657962205,100934967,1,1,1,12,17,2
1657962138,437741660,1,1,1,24,8,7
1657962298,1062783107,1,1,1,3,21,5
1657962303,15309045,1,1,1,9,4,2
1657962310,653086121,1,1,1,30,1,3
1657962043,653139897,1,1,1,13,0,13
1657962320,476155906,1,1,1,6,14,5
1657962183,101011685,1,1,1,9,12,4
1657962179,27415547,1,1,1,14,4,5
1657962321,54000543,1,1,1,21,6,3
1613934558,1015246367,1,0,0,25,0,0
1657962303,284787594,1,1,1,17,8,14
1657962046,1057765913,1,1,1,28,6,3
1657962269,1062704564,1,1,1,35,3,2
1657962290,221043930,1,1,1,35,0,0
1657962314,1057234527,1,1,1,13,18,9
1657962322,49498164,1,1,1,14,0,0
1657962210,76121343,1,1,1,12,0,0
1657962212,1057072168,1,1,1,24,0,0
1657961905,1062685145,1,1,1,13,0,2
1657962322,1056715831,1,1,1,4,5,11
1657962230,101742129,1,1,1,33,1,2
1657961887,1057360420,1,1,1,24,0,2
1657962180,49117995,1,1,1,10,1,6
1657961875,214119792,1,1,1,5,12,3
1657962201,1057366813,1,1,1,25,3,1
1657962236,37504995,1,1,1,19,1,9
1657962316,131908132,1,1,1,14,1,3
1657962213,27363337,1,1,1,26,3,3
1657962232,125811629,1,1,1,2,37,5
1657962312,102307005,1,1,1,17,0,5
1657962301,1057753858,1,1,1,17,17,2
1657962217,452341449,1,1,1,22,3,0
1657962319,54000590,1,1,1,28,15,3
1657962167,6298,1,1,1,17,0,2
1657962317,27359295,1,1,1,23,2,5
1657962250,54000587,1,1,1,30,0,1
1657962098,81212212,1,1,1,17,3,4
1657962317,653087914,1,1,1,7,17,2
1657962304,41219552,1,1,1,18,1,4
1657962110,101738550,1,1,1,15,5,2
1657962252,54000622,1,1,1,22,3,2
1657962147,82339935,1,1,1,27,3,1
1657962171,27414713,1,1,1,10,8,11
1657962146,54000564,1,1,1,22,7,2
1657962180,13912564,1,1,1,4,18,3
1657962184,42907187,1,1,1,14,3,6
1657962246,58311330,1,1,1,12,1,10
1657962301,100967498,1,1,1,34,12,4
1657962304,39149651,1,1,1,46,2,4
1657961983,43247025,1,1,1,15,0,2
1657962005,70903158,1,1,1,23,0,1
1657961937,37879071,1,1,1,27,5,2
1657962176,41464928,1,1,1,58,2,1
1657962020,54000619,1,1,1,31,2,0
1657962273,38060,1,1,1,2,28,9
1657962020,101008598,1,1,1,38,2,2
1657962255,82332239,1,1,1,28,4,4
1657961768,75525462,1,1,1,42,3,0
1657962182,15462861,1,1,1,24,4,1
1657962268,95845524,1,1,1,9,5,3
1657962292,38407,1,1,1,36,3,1
1657962139,82554449,1,1,1,38,19,3
1657962303,39535340,1,1,1,2,26,2
1657962313,1062797394,1,1,1,0,9,14
1657962201,54000570,1,1,1,25,8,3
1657962277,1062256852,1,1,1,13,2,4
1657962120,1057373549,1,1,1,8,6,8
1657961997,653089942,1,1,1,19,0,2
1657962298,128841079,1,1,1,20,10,9
1657962113,220504949,1,1,1,24,6,2
1657962302,15308712,1,1,1,11,8,2
1657962270,7295,1,1,1,8,4,3
1657962310,27296946,1,1,1,5,10,12
1657962282,653143563,1,1,1,26,3,1
1657962232,443153677,1,1,1,15,13,8
1657962291,265201872,1,1,1,33,11,6
1657962197,66505510,1,1,1,53,5,4
1657962311,66491391,1,1,1,19,8,3
1657962088,1062245074,1,1,1,2,19,6
1657962266,201923447,1,1,1,14,20,4
1657962116,9931940126,1,1,1,34,1,1
1657962255,1057758764,1,1,1,21,11,2
1657962266,653144717,1,1,1,10,7,7
1657962217,42275164,1,1,1,29,2,3
1657962137,125623876,1,1,1,17,0,1
1657962289,85031184,1,1,1,32,15,4
1657962164,97824043,1,1,1,3,9,8
1657962276,66491379,1,1,1,7,2,2
1657962139,39169029,1,1,1,23,0,1
1657961836,35600927,1,1,1,33,1,1
1657962279,100868590,1,1,1,23,1,1
1657962313,54000616,1,1,1,24,0,4
1657961918,27364642,1,1,1,22,2,3
1657799568,66491381,1,1,1,6,9,12
1657962154,49094984,1,1,1,32,0,3
1657962265,77773,1,1,1,22,4,2
1657962198,15463487,1,1,1,23,1,2
1657962251,52518,1,1,1,18,0,3
1657962259,1062874070,1,1,1,14,6,18
1657962220,82574198,1,1,1,5,31,4
1657962309,30730,1,1,1,16,15,3
1657962009,27415389,1,1,1,20,8,1
1657962286,1062802530,1,1,1,16,3,4
1657962321,653091206,1,1,1,9,15,13
1657962272,653042678,1,1,1,14,9,0
1657962315,75345531,1,1,1,7,6,2
1657962183,66505516,1,1,1,16,24,3
1657962061,49341735,1,1,1,31,4,5
1657962263,15309674,1,1,1,15,3,2
1657962225,66491367,1,1,1,6,4,6
1657961895,129023855,1,1,1,20,0,3
1657962174,54000554,1,1,1,24,4,4
1657962187,27414902,1,1,1,17,0,1
1657962129,2515672078,1,1,1,20,2,1
1657962051,35317080,1,1,1,16,4,2
1657961934,27415179,1,1,1,21,0,1
1657962290,653146273,1,1,1,5,14,1
1657962128,1062882947,1,1,1,11,6,4
1657962262,653091677,1,1,1,4,17,3
1657962066,35472299,1,1,1,2,5,4
1657962264,1805255023,1,1,1,26,2,2
1657961990,66489651,1,1,1,26,3,4
1657961916,1057207064,1,1,1,7,3,13
1657962277,39626277,1,1,1,10,0,5
1657962114,213687475,1,1,1,19,0,3
1657961908,1062982815,1,1,1,18,0,2
1657962246,128890772,1,1,1,6,9,8
1657962267,266963426,1,1,1,38,10,3
1657962234,7268,1,1,1,9,11,9
1657962212,1237624420,1,1,1,26,2,2
1657962176,129152818,1,1,1,17,3,1
1657962297,27313492,1,1,1,22,1,4
1657962289,338824395,1,1,1,8,4,4
1657962272,128932790,1,1,1,17,5,6
1657962307,100760396,1,1,1,24,3,2
1657962266,210585225,1,1,1,3,6,11
1657962047,82396562,1,1,1,18,0,1
1657962320,312165511,1,1,1,12,9,13
1657962225,262607058,1,1,1,23,4,6
1657962314,1074095810,1,1,1,18,2,2
1657962303,128880156,1,1,1,2,9,13
1657962319,27415411,1,1,1,23,0,0
1657962311,210387163,1,1,1,25,6,0
1657962289,653150828,1,1,1,17,1,1
1657962254,443654970,1,1,1,32,2,2
1657962075,1063971944,1,1,1,25,1,3
1657961976,15153595,1,1,1,13,4,14
1657962214,54000465,1,1,1,19,3,2
1657962276,471094898,1,1,1,12,7,4
1657962260,66499894,1,1,1,29,3,1
1657962243,100759356,1,1,1,9,1,5
1657961908,1062911162,1,1,1,26,0,3
1657962116,42341698,1,1,1,41,0,2
1657962228,653187900,1,1,1,7,18,13
1657961941,128874528,1,1,1,10,5,3
1657962321,1062827573,1,1,1,29,1,0
1657962024,54000542,1,1,1,15,7,7
1657962109,1074187051,1,1,1,13,10,7
1657962287,331153695,1,1,1,18,6,1
1657962051,1074142878,1,1,1,3,4,13
1657962149,11874261013,1,1,1,3,13,4
1657962261,213680246,1,1,1,26,5,4
1657962266,1064000778,1,1,1,22,15,14
1657961810,1074060095,1,1,1,27,0,0
1657962240,1057290902,1,1,1,24,9,9
1657962282,80419347,1,1,1,4,12,9
1657961969,1063000561,1,1,1,17,0,3
1657962287,213680553,1,1,1,47,4,1
1657962241,1063012692,1,1,1,6,11,3
1657962248,54000538,1,1,1,17,10,1
1657962261,82499609,1,1,1,6,23,7
1657962239,1064008882,1,1,1,16,0,3
1657962260,653152142,1,1,1,17,1,2
1657961871,129029327,1,1,1,16,1,2
1657962071,1063429705,1,1,1,15,2,5
1657962195,478250062,1,1,1,11,6,5
1657962033,1062833975,1,1,1,31,0,3
1657962219,11908510683,1,1,1,8,7,9
1657962215,2515756572,1,1,1,32,0,1
1657962292,1063410400,1,1,1,2,2,13
1657962058,80298493,1,1,1,9,9,7
1657962137,98132679,1,1,1,43,4,2
1657962251,96608796,1,1,1,7,9,10
1657962309,48800374,1,1,1,0,6,7
1657962079,58391194,1,1,1,19,2,6
1657962308,1396728955,1,1,1,16,5,2
1657962069,128878135,1,1,1,25,0,1
1657962320,1063044618,1,1,1,4,16,10
1657961946,1063421211,1,1,1,28,1,7
1657962195,569583918,1,1,1,33,5,4
1657962280,129083553,1,1,1,9,15,7
1657962194,1074204954,1,1,1,3,20,5
1657962280,100767550,1,1,1,28,6,8
1657962244,1074333296,1,1,1,33,2,7
1657961881,11908496227,1,1,1,14,7,2
1657962240,54000537,1,1,1,6,5,5
1657962311,653094517,1,1,1,40,0,0
1657962085,1063984816,1,1,1,10,2,5
1657962220,442739463,1,1,1,6,2,7
1657962281,380891087,1,1,1,20,9,6
1657962244,49423507,1,1,1,33,9,11
1657961776,128834707,1,1,1,14,6,1
1657962272,78374110,1,1,1,12,1,3
1657962283,653097126,1,1,1,24,1,1
1657962052,391845823,1,1,1,21,0,4
1657962045,15433394,1,1,1,37,3,1
1657962277,653140345,1,1,1,21,0,3
1657962061,15290700,1,1,1,13,3,3
1657962150,276989966,1,1,1,1,12,4
1657962312,2515885093,1,1,1,17,5,8
1657962315,54001189,1,1,1,14,9,4
1657962138,653153519,1,1,1,7,6,5
1657962265,39887632,1,1,1,10,10,2
1657962288,581480367,1,1,1,32,24,9
1657962082,6293,1,1,1,25,1,2
1657962070,653072212,1,1,1,10,10,9
1657962183,128843085,1,1,1,20,3,5
1657962246,1063027377,1,1,1,18,2,4
1657962150,653085678,1,1,1,8,10,3
1657962152,6352,1,1,1,5,8,4
1657961784,120564786,1,1,1,54,1,1
1657962170,210386007,1,1,1,8,8,5
1657962304,6245,1,1,1,11,10,4
1657962291,1063053136,1,1,1,11,6,3
1657962100,27414358,1,1,1,10,7,1
1657962307,101751231,1,1,1,34,2,0
1657962267,1074339090,1,1,1,17,0,9
1657962315,1062844489,1,1,1,31,1,1
1657962196,54000596,1,1,1,32,1,1
1657962301,39169877,1,1,1,48,13,5
1657962176,653155159,1,1,1,14,1,7
1657962302,653099465,1,1,1,23,2,4
1657962265,323468705,1,1,1,11,6,3
1657962253,1810975577,1,1,1,20,0,10
1657962222,2705356759,1,1,1,2,17,9
1657962081,35380305,1,1,1,32,1,1
1657962226,100790494,1,1,1,19,1,3
1657962219,653040243,1,1,1,8,11,6
1657962088,1063061372,1,1,1,33,0,2
1657962294,2705290225,1,1,1,15,12,2
1657962218,214019379,1,1,1,21,2,3
1657962168,82574979,1,1,1,10,10,6
1657962298,1599896463,1,1,1,2,9,10
1657962267,1987547083,1,1,1,20,2,8
1657961982,2705338817,1,1,1,16,2,4
1657962314,1074410417,1,1,1,14,3,11
1657962299,1074352578,1,1,1,7,5,13
1657962223,53999465,1,1,1,39,15,11
1657962322,653156540,1,1,1,35,0,0
1657962153,54000573,1,1,1,14,28,2
1657962096,210328645,1,0,0,19,0,0
1657962279,99886640,1,1,1,15,4,4
1657962069,129080400,1,1,1,21,0,1
1657962311,1981490798,1,1,1,5,11,5
1657962200,66491366,1,1,1,35,1,1
1657962114,6297,1,1,1,16,0,2
1657962231,1074428106,1,1,1,2,15,11
1657962321,653102462,1,1,1,8,19,14
1657962013,653031913,1,1,1,17,0,2
1657962232,1057210479,1,1,1,1,10,4
1657962298,27414527,1,1,1,10,2,7
1657962284,653092274,1,1,1,29,1,3
1657962277,208603342,1,1,1,16,4,0
1657962279,311153993,1,1,1,21,9,2
1657962208,632086890,1,1,1,4,18,5
1657962076,653104215,1,1,1,32,0,2
1657961851,54000557,1,1,1,16,0,3
1657962098,653110858,1,1,1,20,3,0
1657962274,653159330,1,1,1,26,0,2
1657962229,49424560,1,1,1,32,2,1
1657962252,653165196,1,1,1,5,13,5
1657962156,1074390359,1,1,1,10,14,6
1657962313,2002864789,1,1,1,9,5,1
1657962205,11146714746,1,1,1,8,17,3
1657961972,11146696292,1,1,1,2,24,4
1657962029,653107480,1,1,1,14,4,4
1657962310,1988517250,1,1,1,1,7,17
1657962183,74864208,1,1,1,25,1,1
1657962154,653166892,1,1,1,0,12,16
1657962315,653106960,1,1,1,2,28,7
1657962296,82468690,1,1,1,46,4,6
1657962205,54000536,1,1,1,30,2,2
1657962075,39565873,1,1,1,26,0,0
1657962265,1074398925,1,1,1,2,17,16
1657962252,12225158518,1,1,1,21,1,5
1657962280,12225289563,1,1,1,24,0,3
1657962298,567884788,1,1,1,2,13,7
1657961978,99950133,1,1,1,45,3,6
1657962297,549480297,1,1,1,17,4,1
1657962250,12196660096,1,1,1,21,4,4
1657962110,653175838,1,1,1,8,0,10
1657962299,84960402,1,1,1,9,22,3
1657961823,2515701705,1,1,1,16,0,3
1657962120,15550433574,1,1,1,29,0,9
1657961849,11218473640,1,1,1,21,0,2
1632509667,54000558,1,0,0,0,0,0
1657962114,653110492,1,1,1,10,16,2
1657962045,102339791,1,1,1,14,9,2
1657962005,52474,1,1,1,20,1,0
1657962071,486750405,1,1,1,15,3,3
1657962282,10773448319,1,1,1,3,13,10
1657962285,11438171152,1,1,1,19,0,4
1657962229,653046369,1,1,1,16,6,4
1657962287,125370566,1,1,1,13,1,6
1657962296,66491396,1,1,1,33,4,11
1657962193,102328355,1,1,1,3,13,2
1657961831,76352106,1,1,1,25,3,3
1657962288,653180903,1,1,1,9,21,5
1657962281,101015227,1,1,1,2,24,8
1657962126,74805344,1,1,1,25,0,4
1657962030,78124875,1,1,1,50,2,2
1657962313,54000578,1,1,1,9,21,2
1657962167,102724418,1,1,1,1,19,5
1657962320,102287315,1,1,1,10,28,3
1657961942,42950428,1,1,1,27,19,3
1657962268,100921894,1,1,1,12,5,2
1657962299,82429586,1,1,1,1,36,2
1657962273,37995,1,1,1,39,6,5
1657961929,653193536,1,1,1,14,0,2
1657962273,54000589,1,1,1,49,10,4
1657961810,74692052,1,1,1,26,1,3
1657961913,35080917,1,1,1,25,1,2
1657962089,89553051,1,1,1,3,10,8
1657962114,11218807773,1,1,1,4,24,17
1657962293,101759167,1,1,1,15,29,1
1657962125,37420,1,1,1,8,6,3
1657962189,27363058,1,1,1,19,1,3
1657962009,66491390,1,1,1,35,2,1
1657962188,653114003,1,1,1,9,11,2
1657962044,27363206,1,1,1,21,4,3
1657962177,54000591,1,1,1,36,0,1
1657962158,49791363,1,1,1,28,1,1
1657962316,7402,1,1,1,2,10,3
1657962190,75352635,1,1,1,15,5,5
1657962006,34836174,1,1,1,7,19,5
1657961955,6354,1,1,1,3,29,1
1628239218,16206842336,0,0,0,0,0,0
1657962201,101022698,1,1,1,12,15,7
1657962249,27415194,1,1,1,31,0,3
1657962309,54000624,1,1,1,13,2,3
1657962231,653114443,1,1,1,0,13,7
1657962228,74635382,1,1,1,8,8,18
1657962275,653190196,1,1,1,29,4,1
1657962305,27363156,1,1,1,19,1,1
1657961733,39776330,1,1,1,16,0,1
1657962256,54000594,1,1,1,23,1,3
1657962160,66491373,1,1,1,6,8,3
1657962072,66491409,1,1,1,16,2,2
1657961727,82583924,1,1,1,26,0,2
1657962310,124183944,1,1,1,0,44,9
1657962274,27363389,1,1,1,0,17,12
1657962233,653184632,1,1,1,22,6,5
1657962282,102751453,1,1,1,5,16,6
1628171945,16206691682,0,0,0,0,0,0
1657962278,35263507,1,1,1,13,4,4
1657961805,58086242,1,1,1,10,1,0
1657962090,82440673,1,1,1,38,1,9
1657962303,27399547,1,1,1,6,13,2
1657962294,54000610,1,1,1,32,31,5
1657962322,13356269,1,1,1,0,21,11
1657962320,54000583,1,1,1,31,2,2
1657962164,63279,1,1,1,14,0,2
1657962051,125918662,1,1,1,17,1,2
1657962284,15163771,1,1,1,5,21,2
1657962073,82571023,1,1,1,42,2,0
1657962241,100893610,1,1,1,9,15,35
1657961877,27363205,1,1,1,30,1,3
1657962063,653197206,1,1,1,6,7,11
1657962296,27415256,1,1,1,5,23,5
1657962274,101488317,1,1,1,25,1,5
1657962092,6497,1,1,1,13,1,6
1657962263,653118283,1,1,1,12,7,6
1657962252,117480156,1,1,1,36,0,4
1657962071,124167835,1,1,1,5,0,13
1657962311,74858883,1,1,1,28,3,1
1657962311,66491384,1,1,1,1,14,18
1657962321,102748267,1,1,1,12,9,3
1657962178,28233012,1,1,1,18,6,3
1657962188,27415371,1,1,1,34,0,1
1657962185,49829553,1,1,1,25,3,2
1657962016,128884445,1,1,1,54,6,5
1657961866,37848502,1,1,1,21,1,1
1657962299,54000552,1,1,1,7,8,14
1657962275,102752610,1,1,1,22,0,6
1657962309,82335295,1,1,1,11,11,7
1657962321,66491382,1,1,1,26,8,2
1657962146,124176568,1,1,1,10,0,4
1657962212,39882420,1,1,1,7,10,4
1657962086,27415360,1,1,1,16,1,2
1657962284,82588494,1,1,1,23,4,1
1657962263,125542925,1,1,1,36,0,0
1657962239,54000547,1,1,1,23,2,9
1657962277,82425449,1,1,1,48,1,1
1657962305,7234,1,1,1,11,12,4
1657961776,85160045,1,1,1,21,1,2
1657962231,35816213,1,1,1,26,2,3
1657962107,82408364,1,1,1,21,7,9
1657962266,653190279,1,1,1,5,13,2
1657961935,82551956,1,1,1,24,6,1
1657962320,66491372,1,1,1,31,24,4
1657962284,82413301,1,1,1,26,4,5
1657962177,80077998,1,1,1,13,3,2
1657961739,13248144,1,1,1,28,2,2
1657962194,54000568,1,1,1,29,12,6
1657962135,39311270,1,1,1,25,1,7
1657962264,54000631,1,1,1,20,1,3
1657962211,99840124,1,1,1,33,9,2
1657962164,54000623,1,1,1,25,0,2
1657961848,653121023,1,1,1,11,10,3
1657961979,76507850,1,1,1,24,1,8
1657962270,101010226,1,1,1,40,20,6
1657962278,653194214,1,1,1,10,9,0
1657961860,11375742,1,1,1,24,0,0
1657962176,27415083,1,1,1,35,7,10
1657962206,27415333,1,1,1,54,0,2
1657962300,66491369,1,1,1,41,4,2
1657962062,27363397,1,1,1,18,0,1
1657962249,39878420,1,1,1,19,0,1
1657961930,27363504,1,1,1,29,0,1
1657962310,27414932,1,1,1,31,2,4
1657962018,14623073464,1,1,1,42,1,3
1657962227,82588656,1,1,1,22,27,4
1657962258,35471668,1,1,1,29,0,0
1657962080,27415500,1,1,1,1,16,8
1657962271,11580442,1,1,1,4,10,3
1657962199,99798962,1,1,1,10,14,7
1657962301,66507230,1,1,1,9,4,5
1657962221,125881065,1,1,1,29,2,0
1657962211,54000627,1,1,1,15,5,2
1657961920,121086415,1,1,1,21,2,1
1657962249,84961467,1,1,1,46,7,1
1657962292,54000629,1,1,1,19,14,3
1657962220,27415004,1,1,1,13,23,2
1657962271,27415128,1,1,1,15,4,1
1657962296,27414937,1,1,1,16,18,4
1657962179,42588096,1,1,1,19,5,4
1657962241,100227241,1,1,1,31,3,1
1657962219,2254322638,1,1,1,14,3,9
1657961836,15377776,1,1,1,34,0,0
1657962188,70736110,1,1,1,31,0,1
1627636430,16210188070,0,0,0,0,0,0
1627545043,16210512714,0,0,0,0,0,0
1657962099,11063317380,1,1,1,13,5,0
1657962202,121160813,1,1,1,21,1,4
1657962079,66491388,1,1,1,31,1,0
1650555662,16043228469,0,0,0,0,0,0
1650556299,16043282800,0,0,0,0,0,0
1657962284,15189890802,1,1,1,19,1,4
1657962297,16043242148,1,1,1,15,0,11
1657961912,16043316164,1,1,1,22,2,3
1657962244,54000628,1,1,1,48,5,3
1657962036,15187848239,1,1,1,7,20,3
1657961934,129095489,1,1,1,24,1,3
1657962299,1057383154,1,1,1,5,39,5
1657962308,218903767,1,1,1,58,0,3
1657962321,37647,1,1,1,17,1,7
1657962041,523900881,1,1,1,48,3,6
1657961789,54000555,1,1,1,27,1,4
1657962018,54000621,1,0,0,56,0,0
1657962184,214097180,1,1,1,3,16,5
1657962215,54000556,1,1,1,6,4,17
1657962151,2515618216,1,1,1,5,6,18
1657962294,1057387136,1,1,1,12,15,2
1657962299,11908488283,1,1,1,17,4,5
1657962243,85123644,1,1,1,24,0,1
1657962314,100863462,1,1,1,43,11,10
1657962254,253357936,1,1,1,12,39,5
1657961956,42517412,1,1,1,19,0,4
1657961828,54000551,1,1,1,14,1,2
1593435140,213699079,1,0,0,67,0,0
1657961920,10647548670,1,1,1,17,1,3
1657962168,15066765479,1,1,1,18,9,14
1657962063,10647608657,1,1,1,5,9,13
1657962229,213676294,1,1,1,2,12,7
1657961848,95073815,1,1,1,32,4,1
1558939179,16134135570,0,0,0,0,0,0
1657865483,16134083337,0,0,0,30,0,0
1657962061,11266280626,1,1,1,23,6,3
1657962295,49039283,1,1,1,13,4,1
1657962026,35642049,1,1,1,7,2,4
1657962257,11851012506,1,1,1,4,20,11
1627456205,16379269732,0,0,0,0,0,0
1657962322,27033125,1,1,1,11,1,4
1657962018,13341879803,1,1,1,4,8,13
1657961767,1074347188,1,1,1,13,4,2
1657962079,2515774908,1,1,1,14,1,7
1657962281,84986959,1,1,1,52,4,4
1657962297,11851103861,1,1,1,17,3,5
1657962243,12806084887,1,1,1,36,0,7
1657962148,123546861,1,1,1,20,4,2
1657962003,12943772652,1,1,1,24,3,3
1657962242,12948189248,1,1,1,15,11,4
1657962294,15826185972,1,1,1,16,0,0
1657962277,82423726,1,1,1,27,33,6
1657962159,252301607,1,1,1,17,2,2
1657962153,12959947458,1,1,1,19,0,4
1657962092,101013666,1,1,1,0,22,14
1657962312,34742973,1,1,1,1,12,9
1657961851,210581084,1,1,1,36,5,3
1657962279,11437761399,1,1,1,9,11,12
1657962233,11438116799,1,1,1,13,25,2
1657961972,11437961617,1,1,1,7,14,5
1657962224,11438049493,1,1,1,24,4,2
1657962178,11437651826,1,1,1,10,15,5
1657961971,11004720021,1,1,1,4,17,5
1653472786,11437706131,0,0,0,26,0,0
1657962018,102335085,1,1,1,3,25,4
1657961857,13373712848,1,1,1,24,0,0
1657962252,13373848216,1,1,1,10,2,14
1657962298,13373801574,1,1,1,0,4,23
1657961830,13373758036,1,1,1,20,2,5
1657962148,368766689,1,1,1,6,24,1
1657962207,129026597,1,1,1,8,7,7
1657962320,394404659,1,1,1,0,39,16
1657962206,478732841,1,1,1,7,9,1
1657962288,1062807847,1,1,1,14,17,9
1657962264,82402482,1,1,1,50,1,3
1657962202,129088667,1,1,1,23,13,4
1657962142,516395829,1,1,1,9,3,1
1657962254,54000604,1,1,1,32,0,3
1657962286,43247738,1,1,1,26,0,6
1657962222,102311820,1,1,1,33,0,2
1657962196,315022587,1,1,1,55,7,3
